timestamp_utc,timestamp_epoch,server,online,cuda_ok,mumax3_ok,gpu_util_pct,cpu_util_pct,ram_free_gb,ram_total_gb,gpu_count,gpu_free_count,gpu_names,mumax3_version,cuda_driver_version,ssh_checks
2026-02-11T16:38:02Z,1770827882,nsc2,1,1,1,0.00,0.60,NA,NA,1,NA,NVIDIA GeForce GTX 1080 Ti,,,
2026-02-11T16:38:02Z,1770827882,nsc3,1,0,0,NA,100.00,NA,NA,2,NA,Failed to initialize NVML: Driver/library version mismatch;NVML library version: 590.48,,,
2026-02-11T16:38:02Z,1770827882,nsc4,1,1,1,0.00,0.80,NA,NA,2,NA,NVIDIA GeForce RTX 2080 Ti;NVIDIA GeForce RTX 2080 Ti,,,
2026-02-11T16:43:25Z,1770828205,nsc1,1,1,1,0.00,0.20,NA,NA,1,NA,Tesla P100-PCIE-16GB,,,
2026-02-11T16:43:25Z,1770828205,nsc2,1,1,1,0.00,0.30,NA,NA,1,NA,NVIDIA GeForce GTX 1080 Ti,,,
2026-02-11T16:43:25Z,1770828205,nsc3,1,0,0,NA,0.20,NA,NA,2,NA,Failed to initialize NVML: Driver/library version mismatch;NVML library version: 590.48,,,
2026-02-11T16:43:25Z,1770828205,nsc4,1,1,1,0.00,0.80,NA,NA,2,NA,NVIDIA GeForce RTX 2080 Ti;NVIDIA GeForce RTX 2080 Ti,,,
2026-02-11T16:48:49Z,1770828529,nsc1,1,1,1,0.00,2.30,NA,NA,1,NA,Tesla P100-PCIE-16GB,,,
2026-02-11T16:48:49Z,1770828529,nsc2,1,1,1,0.00,0.90,NA,NA,1,NA,NVIDIA GeForce GTX 1080 Ti,,,
2026-02-11T16:48:49Z,1770828529,nsc3,1,0,0,NA,0.20,NA,NA,2,NA,Failed to initialize NVML: Driver/library version mismatch;NVML library version: 590.48,,,
2026-02-11T16:48:49Z,1770828529,nsc4,1,1,1,0.00,0.40,NA,NA,2,NA,NVIDIA GeForce RTX 2080 Ti;NVIDIA GeForce RTX 2080 Ti,,,
2026-02-11T16:54:11Z,1770828851,nsc1,1,1,1,0.00,3.00,NA,NA,1,NA,Tesla P100-PCIE-16GB,,,
2026-02-11T16:54:11Z,1770828851,nsc2,1,1,1,0.00,0.60,NA,NA,1,NA,NVIDIA GeForce GTX 1080 Ti,,,
2026-02-11T16:54:11Z,1770828851,nsc3,1,0,0,NA,1.00,NA,NA,2,NA,Failed to initialize NVML: Driver/library version mismatch;NVML library version: 590.48,,,
2026-02-11T16:54:11Z,1770828851,nsc4,1,1,1,0.00,0.40,NA,NA,2,NA,NVIDIA GeForce RTX 2080 Ti;NVIDIA GeForce RTX 2080 Ti,,,
2026-02-11T16:59:35Z,1770829175,nsc1,1,1,1,0.00,0.40,NA,NA,1,NA,Tesla P100-PCIE-16GB,,,
2026-02-11T16:59:35Z,1770829175,nsc2,1,1,1,0.00,0.30,NA,NA,1,NA,NVIDIA GeForce GTX 1080 Ti,,,
2026-02-11T16:59:35Z,1770829175,nsc3,1,0,0,NA,0.20,NA,NA,2,NA,Failed to initialize NVML: Driver/library version mismatch;NVML library version: 590.48,,,
2026-02-11T16:59:35Z,1770829175,nsc4,1,1,1,0.00,0.40,NA,NA,2,NA,NVIDIA GeForce RTX 2080 Ti;NVIDIA GeForce RTX 2080 Ti,,,
2026-02-11T17:05:01Z,1770829501,nsc1,1,1,1,0.00,0.10,NA,NA,1,NA,Tesla P100-PCIE-16GB,,,
2026-02-11T17:05:01Z,1770829501,nsc2,1,1,1,0.00,6.40,NA,NA,1,NA,NVIDIA GeForce GTX 1080 Ti,,,
2026-02-11T17:05:01Z,1770829501,nsc3,1,0,0,NA,0.60,NA,NA,2,NA,Failed to initialize NVML: Driver/library version mismatch;NVML library version: 590.48,,,
2026-02-11T17:05:01Z,1770829501,nsc4,1,1,1,0.00,0.60,NA,NA,2,NA,NVIDIA GeForce RTX 2080 Ti;NVIDIA GeForce RTX 2080 Ti,,,
2026-02-11T17:10:21Z,1770829821,nsc1,1,1,1,0.00,0.20,NA,NA,1,NA,Tesla P100-PCIE-16GB,,,
2026-02-11T17:10:21Z,1770829821,nsc2,1,1,1,0.00,0.60,NA,NA,1,NA,NVIDIA GeForce GTX 1080 Ti,,,
2026-02-11T17:10:21Z,1770829821,nsc3,1,0,0,NA,0.20,NA,NA,2,NA,Failed to initialize NVML: Driver/library version mismatch;NVML library version: 590.48,,,
2026-02-11T17:10:21Z,1770829821,nsc4,1,1,1,0.00,0.40,NA,NA,2,NA,NVIDIA GeForce RTX 2080 Ti;NVIDIA GeForce RTX 2080 Ti,,,
2026-02-11T17:15:45Z,1770830145,nsc1,1,1,1,0.00,0.40,NA,NA,1,NA,Tesla P100-PCIE-16GB,,,
2026-02-11T17:15:45Z,1770830145,nsc2,1,1,1,0.00,0.30,NA,NA,1,NA,NVIDIA GeForce GTX 1080 Ti,,,
2026-02-11T17:15:45Z,1770830145,nsc3,1,0,0,NA,0.20,NA,NA,2,NA,Failed to initialize NVML: Driver/library version mismatch;NVML library version: 590.48,,,
2026-02-11T17:15:45Z,1770830145,nsc4,1,1,1,0.00,0.90,NA,NA,2,NA,NVIDIA GeForce RTX 2080 Ti;NVIDIA GeForce RTX 2080 Ti,,,
2026-02-11T17:21:35Z,1770830495,nsc1,1,1,1,0.00,0.10,NA,NA,1,NA,Tesla P100-PCIE-16GB,,,
2026-02-11T17:21:35Z,1770830495,nsc2,1,1,1,0.00,0.30,NA,NA,1,NA,NVIDIA GeForce GTX 1080 Ti,,,
2026-02-11T17:21:35Z,1770830495,nsc3,1,0,0,NA,100.00,NA,NA,2,NA,Failed to initialize NVML: Driver/library version mismatch;NVML library version: 590.48,,,
2026-02-11T17:21:35Z,1770830495,nsc4,1,1,1,0.00,0.60,NA,NA,2,NA,NVIDIA GeForce RTX 2080 Ti;NVIDIA GeForce RTX 2080 Ti,,,
2026-02-11T17:26:56Z,1770830816,nsc1,1,1,1,0.00,0.40,NA,NA,1,NA,Tesla P100-PCIE-16GB,,,
2026-02-11T17:26:56Z,1770830816,nsc2,1,1,1,0.00,0.60,NA,NA,1,NA,NVIDIA GeForce GTX 1080 Ti,,,
2026-02-11T17:26:56Z,1770830816,nsc3,1,0,0,NA,0.20,NA,NA,2,NA,Failed to initialize NVML: Driver/library version mismatch;NVML library version: 590.48,,,
2026-02-11T17:26:56Z,1770830816,nsc4,1,1,1,0.00,0.80,NA,NA,2,NA,NVIDIA GeForce RTX 2080 Ti;NVIDIA GeForce RTX 2080 Ti,,,
2026-02-11T17:32:17Z,1770831137,nsc1,1,1,1,0.00,0.20,NA,NA,1,NA,Tesla P100-PCIE-16GB,,,
2026-02-11T17:32:17Z,1770831137,nsc2,1,1,1,0.00,0.60,NA,NA,1,NA,NVIDIA GeForce GTX 1080 Ti,,,
2026-02-11T17:32:17Z,1770831137,nsc3,1,0,0,NA,0.20,NA,NA,2,NA,Failed to initialize NVML: Driver/library version mismatch;NVML library version: 590.48,,,
2026-02-11T17:32:17Z,1770831137,nsc4,1,1,1,0.00,0.40,NA,NA,2,NA,NVIDIA GeForce RTX 2080 Ti;NVIDIA GeForce RTX 2080 Ti,,,
2026-02-11T17:37:38Z,1770831458,nsc1,1,1,1,0.00,0.40,NA,NA,1,NA,Tesla P100-PCIE-16GB,,,
2026-02-11T17:37:38Z,1770831458,nsc2,1,1,1,0.00,0.30,NA,NA,1,NA,NVIDIA GeForce GTX 1080 Ti,,,
2026-02-11T17:37:38Z,1770831458,nsc3,1,0,0,NA,0.40,NA,NA,2,NA,Failed to initialize NVML: Driver/library version mismatch;NVML library version: 590.48,,,
2026-02-11T17:37:38Z,1770831458,nsc4,1,1,1,0.00,0.60,NA,NA,2,NA,NVIDIA GeForce RTX 2080 Ti;NVIDIA GeForce RTX 2080 Ti,,,
2026-02-11T17:43:06Z,1770831786,nsc1,1,1,1,0.00,0.20,NA,NA,1,NA,Tesla P100-PCIE-16GB,,,
2026-02-11T17:43:06Z,1770831786,nsc2,1,1,1,0.00,0.30,NA,NA,1,NA,NVIDIA GeForce GTX 1080 Ti,,,
2026-02-11T17:43:06Z,1770831786,nsc3,1,0,0,NA,0.40,NA,NA,2,NA,Failed to initialize NVML: Driver/library version mismatch;NVML library version: 590.48,,,
2026-02-11T17:43:06Z,1770831786,nsc4,1,1,1,0.00,0.80,NA,NA,2,NA,NVIDIA GeForce RTX 2080 Ti;NVIDIA GeForce RTX 2080 Ti,,,
2026-02-11T17:48:27Z,1770832107,nsc1,1,1,1,0.00,0.20,NA,NA,1,NA,Tesla P100-PCIE-16GB,,,
2026-02-11T17:48:27Z,1770832107,nsc2,1,1,1,0.00,0.30,NA,NA,1,NA,NVIDIA GeForce GTX 1080 Ti,,,
2026-02-11T17:48:27Z,1770832107,nsc3,1,0,0,NA,0.20,NA,NA,2,NA,Failed to initialize NVML: Driver/library version mismatch;NVML library version: 590.48,,,
2026-02-11T17:48:27Z,1770832107,nsc4,1,1,1,0.00,0.60,NA,NA,2,NA,NVIDIA GeForce RTX 2080 Ti;NVIDIA GeForce RTX 2080 Ti,,,
2026-02-11T17:53:48Z,1770832428,nsc1,1,1,1,0.00,0.40,NA,NA,1,NA,Tesla P100-PCIE-16GB,,,
2026-02-11T17:53:48Z,1770832428,nsc2,1,1,1,0.00,0.30,NA,NA,1,NA,NVIDIA GeForce GTX 1080 Ti,,,
2026-02-11T17:53:48Z,1770832428,nsc3,1,0,0,NA,0.20,NA,NA,2,NA,Failed to initialize NVML: Driver/library version mismatch;NVML library version: 590.48,,,
2026-02-11T17:53:48Z,1770832428,nsc4,1,1,1,0.00,6.60,NA,NA,2,NA,NVIDIA GeForce RTX 2080 Ti;NVIDIA GeForce RTX 2080 Ti,,,
2026-02-11T18:03:29Z,1770833009,nsc1,1,1,1,0.00,0.20,NA,NA,1,NA,Tesla P100-PCIE-16GB,,,
2026-02-11T18:03:29Z,1770833009,nsc2,1,1,1,0.00,0.30,NA,NA,1,NA,NVIDIA GeForce GTX 1080 Ti,,,
2026-02-11T18:03:29Z,1770833009,nsc3,1,0,0,NA,0.40,NA,NA,2,NA,Failed to initialize NVML: Driver/library version mismatch;NVML library version: 590.48,,,
2026-02-11T18:03:29Z,1770833009,nsc4,1,1,1,0.00,0.60,NA,NA,2,NA,NVIDIA GeForce RTX 2080 Ti;NVIDIA GeForce RTX 2080 Ti,,,
2026-02-11T18:11:50Z,1770833510,nsc1,1,1,1,0.00,0.40,NA,NA,1,NA,Tesla P100-PCIE-16GB,,,
2026-02-11T18:11:50Z,1770833510,nsc2,1,1,1,0.00,0.90,NA,NA,1,NA,NVIDIA GeForce GTX 1080 Ti,,,
2026-02-11T18:11:50Z,1770833510,nsc3,1,0,0,NA,0.20,NA,NA,2,NA,Failed to initialize NVML: Driver/library version mismatch;NVML library version: 590.48,,,
2026-02-11T18:11:50Z,1770833510,nsc4,1,1,1,0.00,0.60,NA,NA,2,NA,NVIDIA GeForce RTX 2080 Ti;NVIDIA GeForce RTX 2080 Ti,,,
2026-02-11T18:17:16Z,1770833836,nsc1,1,1,1,0.00,0.20,NA,NA,1,NA,Tesla P100-PCIE-16GB,,,
2026-02-11T18:17:16Z,1770833836,nsc2,1,1,1,0.00,0.30,NA,NA,1,NA,NVIDIA GeForce GTX 1080 Ti,,,
2026-02-11T18:17:16Z,1770833836,nsc3,1,0,0,NA,100.00,NA,NA,2,NA,Failed to initialize NVML: Driver/library version mismatch;NVML library version: 590.48,,,
2026-02-11T18:17:16Z,1770833836,nsc4,1,1,1,0.00,0.60,NA,NA,2,NA,NVIDIA GeForce RTX 2080 Ti;NVIDIA GeForce RTX 2080 Ti,,,
2026-02-11T18:22:47Z,1770834167,nsc1,1,1,1,0.00,0.40,NA,NA,1,NA,Tesla P100-PCIE-16GB,,,
2026-02-11T18:22:47Z,1770834167,nsc2,1,1,1,0.00,0.30,NA,NA,1,NA,NVIDIA GeForce GTX 1080 Ti,,,
2026-02-11T18:22:47Z,1770834167,nsc3,1,0,0,NA,0.40,NA,NA,2,NA,Failed to initialize NVML: Driver/library version mismatch;NVML library version: 590.48,,,
2026-02-11T18:22:47Z,1770834167,nsc4,1,1,1,0.00,0.40,NA,NA,2,NA,NVIDIA GeForce RTX 2080 Ti;NVIDIA GeForce RTX 2080 Ti,,,
2026-02-11T18:28:09Z,1770834489,nsc1,1,1,1,0.00,1.50,NA,NA,1,NA,Tesla P100-PCIE-16GB,,,
2026-02-11T18:28:09Z,1770834489,nsc2,1,1,1,0.00,0.30,NA,NA,1,NA,NVIDIA GeForce GTX 1080 Ti,,,
2026-02-11T18:28:09Z,1770834489,nsc3,1,0,0,NA,0.80,NA,NA,2,NA,Failed to initialize NVML: Driver/library version mismatch;NVML library version: 590.48,,,
2026-02-11T18:28:09Z,1770834489,nsc4,1,1,1,0.00,0.80,NA,NA,2,NA,NVIDIA GeForce RTX 2080 Ti;NVIDIA GeForce RTX 2080 Ti,,,
2026-02-11T18:33:31Z,1770834811,nsc1,1,1,1,0.00,0.10,NA,NA,1,NA,Tesla P100-PCIE-16GB,,,
2026-02-11T18:33:31Z,1770834811,nsc2,1,1,1,0.00,0.60,NA,NA,1,NA,NVIDIA GeForce GTX 1080 Ti,,,
2026-02-11T18:33:31Z,1770834811,nsc3,1,0,0,NA,0.20,NA,NA,2,NA,Failed to initialize NVML: Driver/library version mismatch;NVML library version: 590.48,,,
2026-02-11T18:33:31Z,1770834811,nsc4,1,1,1,0.00,4.40,NA,NA,2,NA,NVIDIA GeForce RTX 2080 Ti;NVIDIA GeForce RTX 2080 Ti,,,
2026-02-11T18:38:47Z,1770835127,nsc1,1,1,1,0.00,9.90,NA,NA,1,NA,Tesla P100-PCIE-16GB,,,
2026-02-11T18:38:47Z,1770835127,nsc2,1,1,1,0.00,0.60,NA,NA,1,NA,NVIDIA GeForce GTX 1080 Ti,,,
2026-02-11T18:38:47Z,1770835127,nsc3,1,0,0,NA,0.40,NA,NA,2,NA,Failed to initialize NVML: Driver/library version mismatch;NVML library version: 590.48,,,
2026-02-11T18:38:47Z,1770835127,nsc4,1,1,1,0.00,0.60,NA,NA,2,NA,NVIDIA GeForce RTX 2080 Ti;NVIDIA GeForce RTX 2080 Ti,,,
2026-02-11T18:44:13Z,1770835453,nsc1,1,1,1,0.00,0.40,NA,NA,1,NA,Tesla P100-PCIE-16GB,,,
2026-02-11T18:44:13Z,1770835453,nsc2,1,1,1,0.00,0.30,NA,NA,1,NA,NVIDIA GeForce GTX 1080 Ti,,,
2026-02-11T18:44:13Z,1770835453,nsc3,1,0,0,NA,0.80,NA,NA,2,NA,Failed to initialize NVML: Driver/library version mismatch;NVML library version: 590.48,,,
2026-02-11T18:44:13Z,1770835453,nsc4,1,1,1,0.00,0.60,NA,NA,2,NA,NVIDIA GeForce RTX 2080 Ti;NVIDIA GeForce RTX 2080 Ti,,,
2026-02-11T18:49:35Z,1770835775,nsc1,1,1,1,0.00,0.20,NA,NA,1,NA,Tesla P100-PCIE-16GB,,,
2026-02-11T18:49:35Z,1770835775,nsc2,1,1,1,0.00,0.90,NA,NA,1,NA,NVIDIA GeForce GTX 1080 Ti,,,
2026-02-11T18:49:35Z,1770835775,nsc3,1,0,0,NA,100.00,NA,NA,2,NA,Failed to initialize NVML: Driver/library version mismatch;NVML library version: 590.48,,,
2026-02-11T18:49:35Z,1770835775,nsc4,1,1,1,0.00,0.60,NA,NA,2,NA,NVIDIA GeForce RTX 2080 Ti;NVIDIA GeForce RTX 2080 Ti,,,
2026-02-11T18:55:00Z,1770836100,nsc1,1,1,1,0.00,3.80,NA,NA,1,NA,Tesla P100-PCIE-16GB,,,
2026-02-11T18:55:00Z,1770836100,nsc2,1,1,1,0.00,0.90,NA,NA,1,NA,NVIDIA GeForce GTX 1080 Ti,,,
2026-02-11T18:55:00Z,1770836100,nsc3,1,0,0,NA,0.40,NA,NA,2,NA,Failed to initialize NVML: Driver/library version mismatch;NVML library version: 590.48,,,
2026-02-11T18:55:00Z,1770836100,nsc4,1,1,1,0.00,0.60,NA,NA,2,NA,NVIDIA GeForce RTX 2080 Ti;NVIDIA GeForce RTX 2080 Ti,,,
2026-02-11T19:00:25Z,1770836425,nsc1,1,1,1,0.00,0.20,NA,NA,1,NA,Tesla P100-PCIE-16GB,,,
2026-02-11T19:00:25Z,1770836425,nsc2,1,1,1,0.00,0.60,NA,NA,1,NA,NVIDIA GeForce GTX 1080 Ti,,,
2026-02-11T19:00:25Z,1770836425,nsc3,1,0,0,NA,100.00,NA,NA,2,NA,Failed to initialize NVML: Driver/library version mismatch;NVML library version: 590.48,,,
2026-02-11T19:00:25Z,1770836425,nsc4,1,1,1,0.00,0.60,NA,NA,2,NA,NVIDIA GeForce RTX 2080 Ti;NVIDIA GeForce RTX 2080 Ti,,,
2026-02-11T19:05:54Z,1770836754,nsc1,1,1,1,0.00,0.40,NA,NA,1,NA,Tesla P100-PCIE-16GB,,,
2026-02-11T19:05:54Z,1770836754,nsc2,1,1,1,0.00,0.60,NA,NA,1,NA,NVIDIA GeForce GTX 1080 Ti,,,
2026-02-11T19:05:54Z,1770836754,nsc3,1,0,0,NA,100.00,NA,NA,2,NA,Failed to initialize NVML: Driver/library version mismatch;NVML library version: 590.48,,,
2026-02-11T19:05:54Z,1770836754,nsc4,1,1,1,0.00,0.60,NA,NA,2,NA,NVIDIA GeForce RTX 2080 Ti;NVIDIA GeForce RTX 2080 Ti,,,
2026-02-11T19:11:18Z,1770837078,nsc1,1,1,1,0.00,1.30,NA,NA,1,NA,Tesla P100-PCIE-16GB,,,
2026-02-11T19:11:18Z,1770837078,nsc2,1,1,1,0.00,0.30,NA,NA,1,NA,NVIDIA GeForce GTX 1080 Ti,,,
2026-02-11T19:11:18Z,1770837078,nsc3,1,0,0,NA,100.00,NA,NA,2,NA,Failed to initialize NVML: Driver/library version mismatch;NVML library version: 590.48,,,
2026-02-11T19:11:18Z,1770837078,nsc4,1,1,1,0.00,0.40,NA,NA,2,NA,NVIDIA GeForce RTX 2080 Ti;NVIDIA GeForce RTX 2080 Ti,,,
2026-02-11T19:16:42Z,1770837402,nsc1,1,1,1,0.00,0.40,NA,NA,1,NA,Tesla P100-PCIE-16GB,,,
2026-02-11T19:16:42Z,1770837402,nsc2,1,1,1,0.00,0.60,NA,NA,1,NA,NVIDIA GeForce GTX 1080 Ti,,,
2026-02-11T19:16:42Z,1770837402,nsc3,1,0,0,NA,0.40,NA,NA,2,NA,Failed to initialize NVML: Driver/library version mismatch;NVML library version: 590.48,,,
2026-02-11T19:16:42Z,1770837402,nsc4,1,1,1,0.00,0.60,NA,NA,2,NA,NVIDIA GeForce RTX 2080 Ti;NVIDIA GeForce RTX 2080 Ti,,,
2026-02-11T19:22:21Z,1770837741,nsc1,1,1,1,0.00,3.60,NA,NA,1,NA,Tesla P100-PCIE-16GB,,,
2026-02-11T19:22:21Z,1770837741,nsc2,1,1,1,0.00,100.00,NA,NA,1,NA,NVIDIA GeForce GTX 1080 Ti,,,
2026-02-11T19:22:21Z,1770837741,nsc3,1,0,0,NA,100.00,NA,NA,2,NA,Failed to initialize NVML: Driver/library version mismatch;NVML library version: 590.48,,,
2026-02-11T19:22:21Z,1770837741,nsc4,1,1,1,0.00,0.40,NA,NA,2,NA,NVIDIA GeForce RTX 2080 Ti;NVIDIA GeForce RTX 2080 Ti,,,
2026-02-11T19:27:47Z,1770838067,nsc1,1,1,1,0.00,4.00,NA,NA,1,NA,Tesla P100-PCIE-16GB,,,
2026-02-11T19:27:47Z,1770838067,nsc2,1,1,1,0.00,0.60,NA,NA,1,NA,NVIDIA GeForce GTX 1080 Ti,,,
2026-02-11T19:27:47Z,1770838067,nsc3,1,0,0,NA,0.60,NA,NA,2,NA,Failed to initialize NVML: Driver/library version mismatch;NVML library version: 590.48,,,
2026-02-11T19:27:47Z,1770838067,nsc4,1,1,1,0.00,0.40,NA,NA,2,NA,NVIDIA GeForce RTX 2080 Ti;NVIDIA GeForce RTX 2080 Ti,,,
2026-02-11T19:33:09Z,1770838389,nsc1,1,1,1,0.00,0.50,NA,NA,1,NA,Tesla P100-PCIE-16GB,,,
2026-02-11T19:33:09Z,1770838389,nsc2,1,1,1,0.00,100.00,NA,NA,1,NA,NVIDIA GeForce GTX 1080 Ti,,,
2026-02-11T19:33:09Z,1770838389,nsc3,1,0,0,NA,0.40,NA,NA,2,NA,Failed to initialize NVML: Driver/library version mismatch;NVML library version: 590.48,,,
2026-02-11T19:33:09Z,1770838389,nsc4,1,1,1,0.00,0.60,NA,NA,2,NA,NVIDIA GeForce RTX 2080 Ti;NVIDIA GeForce RTX 2080 Ti,,,
2026-02-11T19:38:40Z,1770838720,nsc1,1,1,1,0.00,0.20,NA,NA,1,NA,Tesla P100-PCIE-16GB,,,
2026-02-11T19:38:40Z,1770838720,nsc2,1,1,1,0.00,100.00,NA,NA,1,NA,NVIDIA GeForce GTX 1080 Ti,,,
2026-02-11T19:38:40Z,1770838720,nsc3,1,0,0,NA,0.20,NA,NA,2,NA,Failed to initialize NVML: Driver/library version mismatch;NVML library version: 590.48,,,
2026-02-11T19:38:40Z,1770838720,nsc4,1,1,1,0.00,0.60,NA,NA,2,NA,NVIDIA GeForce RTX 2080 Ti;NVIDIA GeForce RTX 2080 Ti,,,
2026-02-11T19:44:03Z,1770839043,nsc1,1,1,1,0.00,0.20,NA,NA,1,NA,Tesla P100-PCIE-16GB,,,
2026-02-11T19:44:03Z,1770839043,nsc2,1,1,1,0.00,0.60,NA,NA,1,NA,NVIDIA GeForce GTX 1080 Ti,,,
2026-02-11T19:44:03Z,1770839043,nsc3,1,0,0,NA,100.00,NA,NA,2,NA,Failed to initialize NVML: Driver/library version mismatch;NVML library version: 590.48,,,
2026-02-11T19:44:03Z,1770839043,nsc4,1,1,1,0.00,0.60,NA,NA,2,NA,NVIDIA GeForce RTX 2080 Ti;NVIDIA GeForce RTX 2080 Ti,,,
2026-02-11T19:49:26Z,1770839366,nsc1,1,1,1,0.00,0.40,NA,NA,1,NA,Tesla P100-PCIE-16GB,,,
2026-02-11T19:49:26Z,1770839366,nsc2,1,1,1,0.00,0.30,NA,NA,1,NA,NVIDIA GeForce GTX 1080 Ti,,,
2026-02-11T19:49:26Z,1770839366,nsc3,1,0,0,NA,100.00,NA,NA,2,NA,Failed to initialize NVML: Driver/library version mismatch;NVML library version: 590.48,,,
2026-02-11T19:49:26Z,1770839366,nsc4,1,1,1,0.00,1.10,NA,NA,2,NA,NVIDIA GeForce RTX 2080 Ti;NVIDIA GeForce RTX 2080 Ti,,,
2026-02-11T19:54:59Z,1770839699,nsc1,1,1,1,0.00,0.50,NA,NA,1,NA,Tesla P100-PCIE-16GB,,,
2026-02-11T19:54:59Z,1770839699,nsc2,1,1,1,0.00,100.00,NA,NA,1,NA,NVIDIA GeForce GTX 1080 Ti,,,
2026-02-11T19:54:59Z,1770839699,nsc3,1,0,0,NA,0.20,NA,NA,2,NA,Failed to initialize NVML: Driver/library version mismatch;NVML library version: 590.48,,,
2026-02-11T19:54:59Z,1770839699,nsc4,1,1,1,0.00,0.60,NA,NA,2,NA,NVIDIA GeForce RTX 2080 Ti;NVIDIA GeForce RTX 2080 Ti,,,
2026-02-11T20:00:19Z,1770840019,nsc1,1,1,1,0.00,1.00,NA,NA,1,NA,Tesla P100-PCIE-16GB,,,
2026-02-11T20:00:19Z,1770840019,nsc2,1,1,1,0.00,0.60,NA,NA,1,NA,NVIDIA GeForce GTX 1080 Ti,,,
2026-02-11T20:00:19Z,1770840019,nsc3,1,0,0,NA,100.00,NA,NA,2,NA,Failed to initialize NVML: Driver/library version mismatch;NVML library version: 590.48,,,
2026-02-11T20:00:19Z,1770840019,nsc4,1,1,1,0.00,0.40,NA,NA,2,NA,NVIDIA GeForce RTX 2080 Ti;NVIDIA GeForce RTX 2080 Ti,,,
2026-02-11T20:05:42Z,1770840342,nsc1,1,1,1,0.00,0.40,NA,NA,1,NA,Tesla P100-PCIE-16GB,,,
2026-02-11T20:05:42Z,1770840342,nsc2,1,1,1,0.00,0.90,NA,NA,1,NA,NVIDIA GeForce GTX 1080 Ti,,,
2026-02-11T20:05:42Z,1770840342,nsc3,1,0,0,NA,0.20,NA,NA,2,NA,Failed to initialize NVML: Driver/library version mismatch;NVML library version: 590.48,,,
2026-02-11T20:05:42Z,1770840342,nsc4,1,1,1,0.00,0.40,NA,NA,2,NA,NVIDIA GeForce RTX 2080 Ti;NVIDIA GeForce RTX 2080 Ti,,,
2026-02-11T20:11:11Z,1770840671,nsc1,1,1,1,0.00,0.20,NA,NA,1,NA,Tesla P100-PCIE-16GB,,,
2026-02-11T20:11:11Z,1770840671,nsc2,1,1,1,0.00,0.30,NA,NA,1,NA,NVIDIA GeForce GTX 1080 Ti,,,
2026-02-11T20:11:11Z,1770840671,nsc3,1,0,0,NA,100.00,NA,NA,2,NA,Failed to initialize NVML: Driver/library version mismatch;NVML library version: 590.48,,,
2026-02-11T20:11:11Z,1770840671,nsc4,1,1,1,0.00,0.60,NA,NA,2,NA,NVIDIA GeForce RTX 2080 Ti;NVIDIA GeForce RTX 2080 Ti,,,
2026-02-11T20:16:30Z,1770840990,nsc1,1,1,1,0.00,0.40,NA,NA,1,NA,Tesla P100-PCIE-16GB,,,
2026-02-11T20:16:30Z,1770840990,nsc2,1,1,1,0.00,0.60,NA,NA,1,NA,NVIDIA GeForce GTX 1080 Ti,,,
2026-02-11T20:16:30Z,1770840990,nsc3,1,0,0,NA,0.20,NA,NA,2,NA,Failed to initialize NVML: Driver/library version mismatch;NVML library version: 590.48,,,
2026-02-11T20:16:30Z,1770840990,nsc4,1,1,1,0.00,0.40,NA,NA,2,NA,NVIDIA GeForce RTX 2080 Ti;NVIDIA GeForce RTX 2080 Ti,,,
2026-02-11T20:21:53Z,1770841313,nsc1,1,1,1,0.00,0.10,NA,NA,1,NA,Tesla P100-PCIE-16GB,,,
2026-02-11T20:21:53Z,1770841313,nsc2,1,1,1,0.00,0.60,NA,NA,1,NA,NVIDIA GeForce GTX 1080 Ti,,,
2026-02-11T20:21:53Z,1770841313,nsc3,1,0,0,NA,0.40,NA,NA,2,NA,Failed to initialize NVML: Driver/library version mismatch;NVML library version: 590.48,,,
2026-02-11T20:21:53Z,1770841313,nsc4,1,1,1,0.00,0.40,NA,NA,2,NA,NVIDIA GeForce RTX 2080 Ti;NVIDIA GeForce RTX 2080 Ti,,,
2026-02-11T20:27:12Z,1770841632,nsc1,1,1,1,0.00,0.10,NA,NA,1,NA,Tesla P100-PCIE-16GB,,,
2026-02-11T20:27:12Z,1770841632,nsc2,1,1,1,0.00,0.90,NA,NA,1,NA,NVIDIA GeForce GTX 1080 Ti,,,
2026-02-11T20:27:12Z,1770841632,nsc3,1,0,0,NA,100.00,NA,NA,2,NA,Failed to initialize NVML: Driver/library version mismatch;NVML library version: 590.48,,,
2026-02-11T20:27:12Z,1770841632,nsc4,1,1,1,0.00,0.40,NA,NA,2,NA,NVIDIA GeForce RTX 2080 Ti;NVIDIA GeForce RTX 2080 Ti,,,
2026-02-11T20:32:34Z,1770841954,nsc1,1,1,1,0.00,0.20,NA,NA,1,NA,Tesla P100-PCIE-16GB,,,
2026-02-11T20:32:34Z,1770841954,nsc2,1,1,1,0.00,0.30,NA,NA,1,NA,NVIDIA GeForce GTX 1080 Ti,,,
2026-02-11T20:32:34Z,1770841954,nsc3,1,0,0,NA,0.20,NA,NA,2,NA,Failed to initialize NVML: Driver/library version mismatch;NVML library version: 590.48,,,
2026-02-11T20:32:34Z,1770841954,nsc4,1,1,1,0.00,0.80,NA,NA,2,NA,NVIDIA GeForce RTX 2080 Ti;NVIDIA GeForce RTX 2080 Ti,,,
2026-02-11T20:37:58Z,1770842278,nsc1,1,1,1,0.00,0.60,NA,NA,1,NA,Tesla P100-PCIE-16GB,,,
2026-02-11T20:37:58Z,1770842278,nsc2,1,1,1,0.00,0.60,NA,NA,1,NA,NVIDIA GeForce GTX 1080 Ti,,,
2026-02-11T20:37:58Z,1770842278,nsc3,1,0,0,NA,0.20,NA,NA,2,NA,Failed to initialize NVML: Driver/library version mismatch;NVML library version: 590.48,,,
2026-02-11T20:37:58Z,1770842278,nsc4,1,1,1,0.00,0.40,NA,NA,2,NA,NVIDIA GeForce RTX 2080 Ti;NVIDIA GeForce RTX 2080 Ti,,,
2026-02-11T20:43:19Z,1770842599,nsc1,1,1,1,0.00,0.20,NA,NA,1,NA,Tesla P100-PCIE-16GB,,,
2026-02-11T20:43:19Z,1770842599,nsc2,1,1,1,0.00,0.60,NA,NA,1,NA,NVIDIA GeForce GTX 1080 Ti,,,
2026-02-11T20:43:19Z,1770842599,nsc3,1,0,0,NA,4.40,NA,NA,2,NA,Failed to initialize NVML: Driver/library version mismatch;NVML library version: 590.48,,,
2026-02-11T20:43:19Z,1770842599,nsc4,1,1,1,0.00,0.60,NA,NA,2,NA,NVIDIA GeForce RTX 2080 Ti;NVIDIA GeForce RTX 2080 Ti,,,
2026-02-11T20:48:49Z,1770842929,nsc1,1,1,1,0.00,0.40,NA,NA,1,NA,Tesla P100-PCIE-16GB,,,
2026-02-11T20:48:49Z,1770842929,nsc2,1,1,1,0.00,0.90,NA,NA,1,NA,NVIDIA GeForce GTX 1080 Ti,,,
2026-02-11T20:48:49Z,1770842929,nsc3,1,0,0,NA,100.00,NA,NA,2,NA,Failed to initialize NVML: Driver/library version mismatch;NVML library version: 590.48,,,
2026-02-11T20:48:49Z,1770842929,nsc4,1,1,1,0.00,0.40,NA,NA,2,NA,NVIDIA GeForce RTX 2080 Ti;NVIDIA GeForce RTX 2080 Ti,,,
2026-02-11T20:54:15Z,1770843255,nsc1,1,1,1,0.00,0.60,NA,NA,1,NA,Tesla P100-PCIE-16GB,,,
2026-02-11T20:54:15Z,1770843255,nsc2,1,1,1,0.00,0.60,NA,NA,1,NA,NVIDIA GeForce GTX 1080 Ti,,,
2026-02-11T20:54:15Z,1770843255,nsc3,1,0,0,NA,0.20,NA,NA,2,NA,Failed to initialize NVML: Driver/library version mismatch;NVML library version: 590.48,,,
2026-02-11T20:54:15Z,1770843255,nsc4,1,1,1,0.00,0.80,NA,NA,2,NA,NVIDIA GeForce RTX 2080 Ti;NVIDIA GeForce RTX 2080 Ti,,,
2026-02-11T20:59:34Z,1770843574,nsc1,1,1,1,0.00,0.20,NA,NA,1,NA,Tesla P100-PCIE-16GB,,,
2026-02-11T20:59:34Z,1770843574,nsc2,1,1,1,0.00,100.00,NA,NA,1,NA,NVIDIA GeForce GTX 1080 Ti,,,
2026-02-11T20:59:34Z,1770843574,nsc3,1,0,0,NA,0.20,NA,NA,2,NA,Failed to initialize NVML: Driver/library version mismatch;NVML library version: 590.48,,,
2026-02-11T20:59:34Z,1770843574,nsc4,1,1,1,0.00,0.40,NA,NA,2,NA,NVIDIA GeForce RTX 2080 Ti;NVIDIA GeForce RTX 2080 Ti,,,
2026-02-11T21:04:56Z,1770843896,nsc1,1,1,1,0.00,2.70,NA,NA,1,NA,Tesla P100-PCIE-16GB,,,
2026-02-11T21:04:56Z,1770843896,nsc2,1,1,1,0.00,0.60,NA,NA,1,NA,NVIDIA GeForce GTX 1080 Ti,,,
2026-02-11T21:04:56Z,1770843896,nsc3,1,0,0,NA,0.20,NA,NA,2,NA,Failed to initialize NVML: Driver/library version mismatch;NVML library version: 590.48,,,
2026-02-11T21:04:56Z,1770843896,nsc4,1,1,1,0.00,0.80,NA,NA,2,NA,NVIDIA GeForce RTX 2080 Ti;NVIDIA GeForce RTX 2080 Ti,,,
2026-02-11T21:10:22Z,1770844222,nsc1,1,1,1,0.00,2.80,NA,NA,1,NA,Tesla P100-PCIE-16GB,,,
2026-02-11T21:10:22Z,1770844222,nsc2,1,1,1,0.00,0.30,NA,NA,1,NA,NVIDIA GeForce GTX 1080 Ti,,,
2026-02-11T21:10:22Z,1770844222,nsc3,1,0,0,NA,100.00,NA,NA,2,NA,Failed to initialize NVML: Driver/library version mismatch;NVML library version: 590.48,,,
2026-02-11T21:10:22Z,1770844222,nsc4,1,1,1,0.00,0.60,NA,NA,2,NA,NVIDIA GeForce RTX 2080 Ti;NVIDIA GeForce RTX 2080 Ti,,,
2026-02-11T21:15:45Z,1770844545,nsc1,1,1,1,0.00,95.10,NA,NA,1,NA,Tesla P100-PCIE-16GB,,,
2026-02-11T21:15:45Z,1770844545,nsc2,1,1,1,0.00,0.30,NA,NA,1,NA,NVIDIA GeForce GTX 1080 Ti,,,
2026-02-11T21:15:45Z,1770844545,nsc3,1,0,0,NA,0.20,NA,NA,2,NA,Failed to initialize NVML: Driver/library version mismatch;NVML library version: 590.48,,,
2026-02-11T21:15:45Z,1770844545,nsc4,1,1,1,0.00,0.80,NA,NA,2,NA,NVIDIA GeForce RTX 2080 Ti;NVIDIA GeForce RTX 2080 Ti,,,
2026-02-11T21:21:54Z,1770844914,nsc1,1,1,1,0.00,0.40,NA,NA,1,NA,Tesla P100-PCIE-16GB,,,
2026-02-11T21:21:54Z,1770844914,nsc2,1,1,1,0.00,0.90,NA,NA,1,NA,NVIDIA GeForce GTX 1080 Ti,,,
2026-02-11T21:21:54Z,1770844914,nsc3,1,0,0,NA,0.20,NA,NA,2,NA,Failed to initialize NVML: Driver/library version mismatch;NVML library version: 590.48,,,
2026-02-11T21:21:54Z,1770844914,nsc4,1,1,1,0.00,0.60,NA,NA,2,NA,NVIDIA GeForce RTX 2080 Ti;NVIDIA GeForce RTX 2080 Ti,,,
2026-02-11T21:27:17Z,1770845237,nsc1,1,1,1,0.00,0.40,NA,NA,1,NA,Tesla P100-PCIE-16GB,,,
2026-02-11T21:27:17Z,1770845237,nsc2,1,1,1,0.00,100.00,NA,NA,1,NA,NVIDIA GeForce GTX 1080 Ti,,,
2026-02-11T21:27:17Z,1770845237,nsc3,1,0,0,NA,0.20,NA,NA,2,NA,Failed to initialize NVML: Driver/library version mismatch;NVML library version: 590.48,,,
2026-02-11T21:27:17Z,1770845237,nsc4,1,1,1,0.00,0.40,NA,NA,2,NA,NVIDIA GeForce RTX 2080 Ti;NVIDIA GeForce RTX 2080 Ti,,,
2026-02-11T21:32:39Z,1770845559,nsc1,1,1,1,0.00,0.20,NA,NA,1,NA,Tesla P100-PCIE-16GB,,,
2026-02-11T21:32:39Z,1770845559,nsc2,1,1,1,0.00,0.30,NA,NA,1,NA,NVIDIA GeForce GTX 1080 Ti,,,
2026-02-11T21:32:39Z,1770845559,nsc3,1,0,0,NA,100.00,NA,NA,2,NA,Failed to initialize NVML: Driver/library version mismatch;NVML library version: 590.48,,,
2026-02-11T21:32:39Z,1770845559,nsc4,1,1,1,0.00,0.60,NA,NA,2,NA,NVIDIA GeForce RTX 2080 Ti;NVIDIA GeForce RTX 2080 Ti,,,
2026-02-11T21:37:59Z,1770845879,nsc1,1,1,1,0.00,0.50,NA,NA,1,NA,Tesla P100-PCIE-16GB,,,
2026-02-11T21:37:59Z,1770845879,nsc2,1,1,1,0.00,0.60,NA,NA,1,NA,NVIDIA GeForce GTX 1080 Ti,,,
2026-02-11T21:37:59Z,1770845879,nsc3,1,0,0,NA,100.00,NA,NA,2,NA,Failed to initialize NVML: Driver/library version mismatch;NVML library version: 590.48,,,
2026-02-11T21:37:59Z,1770845879,nsc4,1,1,1,0.00,0.40,NA,NA,2,NA,NVIDIA GeForce RTX 2080 Ti;NVIDIA GeForce RTX 2080 Ti,,,
2026-02-11T21:43:20Z,1770846200,nsc1,1,1,1,0.00,0.50,NA,NA,1,NA,Tesla P100-PCIE-16GB,,,
2026-02-11T21:43:20Z,1770846200,nsc2,1,1,1,0.00,0.30,NA,NA,1,NA,NVIDIA GeForce GTX 1080 Ti,,,
2026-02-11T21:43:20Z,1770846200,nsc3,1,0,0,NA,0.20,NA,NA,2,NA,Failed to initialize NVML: Driver/library version mismatch;NVML library version: 590.48,,,
2026-02-11T21:43:20Z,1770846200,nsc4,1,1,1,0.00,0.60,NA,NA,2,NA,NVIDIA GeForce RTX 2080 Ti;NVIDIA GeForce RTX 2080 Ti,,,
2026-02-11T21:48:40Z,1770846520,nsc1,1,1,1,0.00,0.20,NA,NA,1,NA,Tesla P100-PCIE-16GB,,,
2026-02-11T21:48:40Z,1770846520,nsc2,1,1,1,0.00,0.60,NA,NA,1,NA,NVIDIA GeForce GTX 1080 Ti,,,
2026-02-11T21:48:40Z,1770846520,nsc3,1,0,0,NA,0.20,NA,NA,2,NA,Failed to initialize NVML: Driver/library version mismatch;NVML library version: 590.48,,,
2026-02-11T21:48:40Z,1770846520,nsc4,1,1,1,0.00,0.60,NA,NA,2,NA,NVIDIA GeForce RTX 2080 Ti;NVIDIA GeForce RTX 2080 Ti,,,
2026-02-11T21:54:01Z,1770846841,nsc1,1,1,1,0.00,0.20,NA,NA,1,NA,Tesla P100-PCIE-16GB,,,
2026-02-11T21:54:01Z,1770846841,nsc2,1,1,1,0.00,0.60,NA,NA,1,NA,NVIDIA GeForce GTX 1080 Ti,,,
2026-02-11T21:54:01Z,1770846841,nsc3,1,0,0,NA,0.60,NA,NA,2,NA,Failed to initialize NVML: Driver/library version mismatch;NVML library version: 590.48,,,
2026-02-11T21:54:01Z,1770846841,nsc4,1,1,1,0.00,0.40,NA,NA,2,NA,NVIDIA GeForce RTX 2080 Ti;NVIDIA GeForce RTX 2080 Ti,,,
2026-02-11T21:59:25Z,1770847165,nsc1,1,1,1,0.00,0.40,NA,NA,1,NA,Tesla P100-PCIE-16GB,,,
2026-02-11T21:59:25Z,1770847165,nsc2,1,1,1,0.00,0.30,NA,NA,1,NA,NVIDIA GeForce GTX 1080 Ti,,,
2026-02-11T21:59:25Z,1770847165,nsc3,1,0,0,NA,0.40,NA,NA,2,NA,Failed to initialize NVML: Driver/library version mismatch;NVML library version: 590.48,,,
2026-02-11T21:59:25Z,1770847165,nsc4,1,1,1,0.00,1.00,NA,NA,2,NA,NVIDIA GeForce RTX 2080 Ti;NVIDIA GeForce RTX 2080 Ti,,,
2026-02-11T22:04:47Z,1770847487,nsc1,1,1,1,0.00,0.20,NA,NA,1,NA,Tesla P100-PCIE-16GB,,,
2026-02-11T22:04:47Z,1770847487,nsc2,1,1,1,0.00,100.00,NA,NA,1,NA,NVIDIA GeForce GTX 1080 Ti,,,
2026-02-11T22:04:47Z,1770847487,nsc3,1,0,0,NA,0.20,NA,NA,2,NA,Failed to initialize NVML: Driver/library version mismatch;NVML library version: 590.48,,,
2026-02-11T22:04:47Z,1770847487,nsc4,1,1,1,0.00,0.40,NA,NA,2,NA,NVIDIA GeForce RTX 2080 Ti;NVIDIA GeForce RTX 2080 Ti,,,
2026-02-11T22:10:16Z,1770847816,nsc1,1,1,1,0.00,0.40,NA,NA,1,NA,Tesla P100-PCIE-16GB,,,
2026-02-11T22:10:16Z,1770847816,nsc2,1,1,1,0.00,0.30,NA,NA,1,NA,NVIDIA GeForce GTX 1080 Ti,,,
2026-02-11T22:10:16Z,1770847816,nsc3,1,0,0,NA,100.00,NA,NA,2,NA,Failed to initialize NVML: Driver/library version mismatch;NVML library version: 590.48,,,
2026-02-11T22:10:16Z,1770847816,nsc4,1,1,1,0.00,0.40,NA,NA,2,NA,NVIDIA GeForce RTX 2080 Ti;NVIDIA GeForce RTX 2080 Ti,,,
2026-02-11T22:15:38Z,1770848138,nsc1,1,1,1,0.00,0.20,NA,NA,1,NA,Tesla P100-PCIE-16GB,,,
2026-02-11T22:15:38Z,1770848138,nsc2,1,1,1,0.00,0.30,NA,NA,1,NA,NVIDIA GeForce GTX 1080 Ti,,,
2026-02-11T22:15:38Z,1770848138,nsc3,1,0,0,NA,0.20,NA,NA,2,NA,Failed to initialize NVML: Driver/library version mismatch;NVML library version: 590.48,,,
2026-02-11T22:15:38Z,1770848138,nsc4,1,1,1,0.00,0.20,NA,NA,2,NA,NVIDIA GeForce RTX 2080 Ti;NVIDIA GeForce RTX 2080 Ti,,,
2026-02-11T22:20:57Z,1770848457,nsc1,1,1,1,0.00,0.20,NA,NA,1,NA,Tesla P100-PCIE-16GB,,,
2026-02-11T22:20:57Z,1770848457,nsc2,1,1,1,0.00,0.30,NA,NA,1,NA,NVIDIA GeForce GTX 1080 Ti,,,
2026-02-11T22:20:57Z,1770848457,nsc3,1,0,0,NA,0.20,NA,NA,2,NA,Failed to initialize NVML: Driver/library version mismatch;NVML library version: 590.48,,,
2026-02-11T22:20:57Z,1770848457,nsc4,1,1,1,0.00,0.40,NA,NA,2,NA,NVIDIA GeForce RTX 2080 Ti;NVIDIA GeForce RTX 2080 Ti,,,
2026-02-11T22:26:22Z,1770848782,nsc1,1,1,1,0.00,2.00,NA,NA,1,NA,Tesla P100-PCIE-16GB,,,
2026-02-11T22:26:22Z,1770848782,nsc2,1,1,1,0.00,0.60,NA,NA,1,NA,NVIDIA GeForce GTX 1080 Ti,,,
2026-02-11T22:26:22Z,1770848782,nsc3,1,0,0,NA,100.00,NA,NA,2,NA,Failed to initialize NVML: Driver/library version mismatch;NVML library version: 590.48,,,
2026-02-11T22:26:22Z,1770848782,nsc4,1,1,1,0.00,0.40,NA,NA,2,NA,NVIDIA GeForce RTX 2080 Ti;NVIDIA GeForce RTX 2080 Ti,,,
2026-02-11T22:31:49Z,1770849109,nsc1,1,1,1,0.00,0.50,NA,NA,1,NA,Tesla P100-PCIE-16GB,,,
2026-02-11T22:31:49Z,1770849109,nsc2,1,1,1,0.00,0.30,NA,NA,1,NA,NVIDIA GeForce GTX 1080 Ti,,,
2026-02-11T22:31:49Z,1770849109,nsc3,1,0,0,NA,0.20,NA,NA,2,NA,Failed to initialize NVML: Driver/library version mismatch;NVML library version: 590.48,,,
2026-02-11T22:31:49Z,1770849109,nsc4,1,1,1,0.00,0.40,NA,NA,2,NA,NVIDIA GeForce RTX 2080 Ti;NVIDIA GeForce RTX 2080 Ti,,,
2026-02-11T22:37:11Z,1770849431,nsc1,1,1,1,0.00,0.40,NA,NA,1,NA,Tesla P100-PCIE-16GB,,,
2026-02-11T22:37:11Z,1770849431,nsc2,1,1,1,0.00,0.90,NA,NA,1,NA,NVIDIA GeForce GTX 1080 Ti,,,
2026-02-11T22:37:11Z,1770849431,nsc3,1,0,0,NA,0.40,NA,NA,2,NA,Failed to initialize NVML: Driver/library version mismatch;NVML library version: 590.48,,,
2026-02-11T22:37:11Z,1770849431,nsc4,1,1,1,0.00,0.60,NA,NA,2,NA,NVIDIA GeForce RTX 2080 Ti;NVIDIA GeForce RTX 2080 Ti,,,
2026-02-11T22:42:35Z,1770849755,nsc1,1,1,1,0.00,0.10,NA,NA,1,NA,Tesla P100-PCIE-16GB,,,
2026-02-11T22:42:35Z,1770849755,nsc2,1,1,1,0.00,0.30,NA,NA,1,NA,NVIDIA GeForce GTX 1080 Ti,,,
2026-02-11T22:42:35Z,1770849755,nsc3,1,0,0,NA,0.20,NA,NA,2,NA,Failed to initialize NVML: Driver/library version mismatch;NVML library version: 590.48,,,
2026-02-11T22:42:35Z,1770849755,nsc4,1,1,1,0.00,5.70,NA,NA,2,NA,NVIDIA GeForce RTX 2080 Ti;NVIDIA GeForce RTX 2080 Ti,,,
2026-02-11T22:47:54Z,1770850074,nsc1,1,1,1,0.00,0.40,NA,NA,1,NA,Tesla P100-PCIE-16GB,,,
2026-02-11T22:47:54Z,1770850074,nsc2,1,1,1,0.00,0.90,NA,NA,1,NA,NVIDIA GeForce GTX 1080 Ti,,,
2026-02-11T22:47:54Z,1770850074,nsc3,1,0,0,NA,0.20,NA,NA,2,NA,Failed to initialize NVML: Driver/library version mismatch;NVML library version: 590.48,,,
2026-02-11T22:47:54Z,1770850074,nsc4,1,1,1,0.00,0.40,NA,NA,2,NA,NVIDIA GeForce RTX 2080 Ti;NVIDIA GeForce RTX 2080 Ti,,,
2026-02-11T22:53:14Z,1770850394,nsc1,1,1,1,0.00,0.10,NA,NA,1,NA,Tesla P100-PCIE-16GB,,,
2026-02-11T22:53:14Z,1770850394,nsc2,1,1,1,0.00,0.90,NA,NA,1,NA,NVIDIA GeForce GTX 1080 Ti,,,
2026-02-11T22:53:14Z,1770850394,nsc3,1,0,0,NA,100.00,NA,NA,2,NA,Failed to initialize NVML: Driver/library version mismatch;NVML library version: 590.48,,,
2026-02-11T22:53:14Z,1770850394,nsc4,1,1,1,0.00,0.60,NA,NA,2,NA,NVIDIA GeForce RTX 2080 Ti;NVIDIA GeForce RTX 2080 Ti,,,
2026-02-11T22:58:35Z,1770850715,nsc1,1,1,1,0.00,0.20,NA,NA,1,NA,Tesla P100-PCIE-16GB,,,
2026-02-11T22:58:35Z,1770850715,nsc2,1,1,1,0.00,0.60,NA,NA,1,NA,NVIDIA GeForce GTX 1080 Ti,,,
2026-02-11T22:58:35Z,1770850715,nsc3,1,0,0,NA,0.40,NA,NA,2,NA,Failed to initialize NVML: Driver/library version mismatch;NVML library version: 590.48,,,
2026-02-11T22:58:35Z,1770850715,nsc4,1,1,1,0.00,0.80,NA,NA,2,NA,NVIDIA GeForce RTX 2080 Ti;NVIDIA GeForce RTX 2080 Ti,,,
2026-02-11T23:03:55Z,1770851035,nsc1,1,1,1,0.00,0.20,NA,NA,1,NA,Tesla P100-PCIE-16GB,,,
2026-02-11T23:03:55Z,1770851035,nsc2,1,1,1,0.00,6.00,NA,NA,1,NA,NVIDIA GeForce GTX 1080 Ti,,,
2026-02-11T23:03:55Z,1770851035,nsc3,1,0,0,NA,0.40,NA,NA,2,NA,Failed to initialize NVML: Driver/library version mismatch;NVML library version: 590.48,,,
2026-02-11T23:03:55Z,1770851035,nsc4,1,1,1,0.00,1.90,NA,NA,2,NA,NVIDIA GeForce RTX 2080 Ti;NVIDIA GeForce RTX 2080 Ti,,,
2026-02-11T23:09:17Z,1770851357,nsc1,1,1,1,0.00,0.20,NA,NA,1,NA,Tesla P100-PCIE-16GB,,,
2026-02-11T23:09:17Z,1770851357,nsc2,1,1,1,0.00,0.90,NA,NA,1,NA,NVIDIA GeForce GTX 1080 Ti,,,
2026-02-11T23:09:17Z,1770851357,nsc3,1,0,0,NA,0.20,NA,NA,2,NA,Failed to initialize NVML: Driver/library version mismatch;NVML library version: 590.48,,,
2026-02-11T23:09:17Z,1770851357,nsc4,1,1,1,0.00,0.40,NA,NA,2,NA,NVIDIA GeForce RTX 2080 Ti;NVIDIA GeForce RTX 2080 Ti,,,
2026-02-11T23:14:40Z,1770851680,nsc1,1,1,1,0.00,0.40,NA,NA,1,NA,Tesla P100-PCIE-16GB,,,
2026-02-11T23:14:40Z,1770851680,nsc2,1,1,1,0.00,0.30,NA,NA,1,NA,NVIDIA GeForce GTX 1080 Ti,,,
2026-02-11T23:14:40Z,1770851680,nsc3,1,0,0,NA,0.40,NA,NA,2,NA,Failed to initialize NVML: Driver/library version mismatch;NVML library version: 590.48,,,
2026-02-11T23:14:40Z,1770851680,nsc4,1,1,1,0.00,0.40,NA,NA,2,NA,NVIDIA GeForce RTX 2080 Ti;NVIDIA GeForce RTX 2080 Ti,,,
2026-02-11T23:20:00Z,1770852000,nsc1,1,1,1,0.00,0.10,NA,NA,1,NA,Tesla P100-PCIE-16GB,,,
2026-02-11T23:20:00Z,1770852000,nsc2,1,1,1,0.00,0.30,NA,NA,1,NA,NVIDIA GeForce GTX 1080 Ti,,,
2026-02-11T23:20:00Z,1770852000,nsc3,1,0,0,NA,0.40,NA,NA,2,NA,Failed to initialize NVML: Driver/library version mismatch;NVML library version: 590.48,,,
2026-02-11T23:20:00Z,1770852000,nsc4,1,1,1,0.00,0.20,NA,NA,2,NA,NVIDIA GeForce RTX 2080 Ti;NVIDIA GeForce RTX 2080 Ti,,,
2026-02-11T23:25:23Z,1770852323,nsc1,1,1,1,0.00,0.40,NA,NA,1,NA,Tesla P100-PCIE-16GB,,,
2026-02-11T23:25:23Z,1770852323,nsc2,1,1,1,0.00,0.60,NA,NA,1,NA,NVIDIA GeForce GTX 1080 Ti,,,
2026-02-11T23:25:23Z,1770852323,nsc3,1,0,0,NA,100.00,NA,NA,2,NA,Failed to initialize NVML: Driver/library version mismatch;NVML library version: 590.48,,,
2026-02-11T23:25:23Z,1770852323,nsc4,1,1,1,0.00,0.40,NA,NA,2,NA,NVIDIA GeForce RTX 2080 Ti;NVIDIA GeForce RTX 2080 Ti,,,
2026-02-11T23:30:47Z,1770852647,nsc1,1,1,1,0.00,0.20,NA,NA,1,NA,Tesla P100-PCIE-16GB,,,
2026-02-11T23:30:47Z,1770852647,nsc2,1,1,1,0.00,0.30,NA,NA,1,NA,NVIDIA GeForce GTX 1080 Ti,,,
2026-02-11T23:30:47Z,1770852647,nsc3,1,0,0,NA,0.40,NA,NA,2,NA,Failed to initialize NVML: Driver/library version mismatch;NVML library version: 590.48,,,
2026-02-11T23:30:47Z,1770852647,nsc4,1,1,1,0.00,1.10,NA,NA,2,NA,NVIDIA GeForce RTX 2080 Ti;NVIDIA GeForce RTX 2080 Ti,,,
2026-02-11T23:36:06Z,1770852966,nsc1,1,1,1,0.00,0.10,NA,NA,1,NA,Tesla P100-PCIE-16GB,,,
2026-02-11T23:36:06Z,1770852966,nsc2,1,1,1,0.00,1.80,NA,NA,1,NA,NVIDIA GeForce GTX 1080 Ti,,,
2026-02-11T23:36:06Z,1770852966,nsc3,1,0,0,NA,0.20,NA,NA,2,NA,Failed to initialize NVML: Driver/library version mismatch;NVML library version: 590.48,,,
2026-02-11T23:36:06Z,1770852966,nsc4,1,1,1,0.00,0.20,NA,NA,2,NA,NVIDIA GeForce RTX 2080 Ti;NVIDIA GeForce RTX 2080 Ti,,,
2026-02-11T23:41:31Z,1770853291,nsc1,1,1,1,0.00,0.60,NA,NA,1,NA,Tesla P100-PCIE-16GB,,,
2026-02-11T23:41:31Z,1770853291,nsc2,1,1,1,0.00,0.30,NA,NA,1,NA,NVIDIA GeForce GTX 1080 Ti,,,
2026-02-11T23:41:31Z,1770853291,nsc3,1,0,0,NA,0.20,NA,NA,2,NA,Failed to initialize NVML: Driver/library version mismatch;NVML library version: 590.48,,,
2026-02-11T23:41:31Z,1770853291,nsc4,1,1,1,0.00,0.60,NA,NA,2,NA,NVIDIA GeForce RTX 2080 Ti;NVIDIA GeForce RTX 2080 Ti,,,
